insert into product_dim (product_id, productname) values (1, 'Flour - Buckwheat, Dark');
insert into product_dim (product_id, productname) values (2, 'Champagne - Brights, Dry');
insert into product_dim (product_id, productname) values (3, 'Buffalo - Striploin');
insert into product_dim (product_id, productname) values (4, 'Pasta - Penne, Lisce, Dry');
insert into product_dim (product_id, productname) values (5, 'Icecream - Dibs');
insert into product_dim (product_id, productname) values (6, 'Sauce - Thousand Island');
insert into product_dim (product_id, productname) values (7, 'Snapple Raspberry Tea');
insert into product_dim (product_id, productname) values (8, 'Beef - Bresaola');
insert into product_dim (product_id, productname) values (9, 'Paper Towel Touchless');
insert into product_dim (product_id, productname) values (10, 'Transfer Sheets');
insert into product_dim (product_id, productname) values (11, 'Cheese - Cheddar With Claret');
insert into product_dim (product_id, productname) values (12, 'Table Cloth 62x120 Colour');
insert into product_dim (product_id, productname) values (13, 'Wine - Rubyport');
insert into product_dim (product_id, productname) values (14, 'Watercress');
insert into product_dim (product_id, productname) values (15, 'Appetizer - Assorted Box');
insert into product_dim (product_id, productname) values (16, 'Leeks - Baby, White');
insert into product_dim (product_id, productname) values (17, 'Bread - Raisin Walnut Pull');
insert into product_dim (product_id, productname) values (18, 'Kellogs Raisan Bran Bars');
insert into product_dim (product_id, productname) values (19, 'Crawfish');
insert into product_dim (product_id, productname) values (20, 'Oil - Truffle, White');
insert into product_dim (product_id, productname) values (21, 'Cheese Cloth No 60');
insert into product_dim (product_id, productname) values (22, 'Cod - Black Whole Fillet');
insert into product_dim (product_id, productname) values (23, 'Syrup - Monin, Amaretta');
insert into product_dim (product_id, productname) values (24, 'Beef Wellington');
insert into product_dim (product_id, productname) values (25, 'Wine - Mas Chicet Rose, Vintage');

insert into country_dim (country_id, countryname) values (1, 'China');
insert into country_dim (country_id, countryname) values (2, 'Indonesia');
insert into country_dim (country_id, countryname) values (3, 'Hungary');
insert into country_dim (country_id, countryname) values (4, 'Guatemala');
insert into country_dim (country_id, countryname) values (5, 'Nepal');
insert into country_dim (country_id, countryname) values (6, 'Afghanistan');
insert into country_dim (country_id, countryname) values (7, 'Indonesia');
insert into country_dim (country_id, countryname) values (8, 'Portugal');
insert into country_dim (country_id, countryname) values (9, 'China');
insert into country_dim (country_id, countryname) values (10, 'Cyprus');

insert into date_dim (date_id, date) values (1, '4/24/2021');
insert into date_dim (date_id, date) values (2, '7/7/2021');
insert into date_dim (date_id, date) values (3, '10/6/2021');
insert into date_dim (date_id, date) values (4, '5/12/2021');
insert into date_dim (date_id, date) values (5, '9/14/2021');
insert into date_dim (date_id, date) values (6, '2/6/2021');
insert into date_dim (date_id, date) values (7, '6/7/2021');
insert into date_dim (date_id, date) values (8, '12/7/2020');
insert into date_dim (date_id, date) values (9, '5/30/2021');
insert into date_dim (date_id, date) values (10, '3/2/2021');
insert into date_dim (date_id, date) values (11, '4/4/2021');
insert into date_dim (date_id, date) values (12, '9/13/2021');
insert into date_dim (date_id, date) values (13, '10/2/2021');
insert into date_dim (date_id, date) values (14, '5/8/2021');
insert into date_dim (date_id, date) values (15, '10/14/2020');

insert into city_dim (city_id, city) values (1, 'La Rochelle');
insert into city_dim (city_id, city) values (2, 'Jianping');
insert into city_dim (city_id, city) values (3, 'Budapest');
insert into city_dim (city_id, city) values (4, 'Kangasala');
insert into city_dim (city_id, city) values (5, 'Simpang');
insert into city_dim (city_id, city) values (6, 'Barat');
insert into city_dim (city_id, city) values (7, 'Fantan');
insert into city_dim (city_id, city) values (8, 'Carapelhos');
insert into city_dim (city_id, city) values (9, 'Lubāna');
insert into city_dim (city_id, city) values (10, 'Thị Trấn Tà Lùng');
insert into city_dim (city_id, city) values (11, 'Qianxu Zhen');
insert into city_dim (city_id, city) values (12, 'Juuka');
insert into city_dim (city_id, city) values (13, 'Osapsio');
insert into city_dim (city_id, city) values (14, 'Vilar');
insert into city_dim (city_id, city) values (15, 'Skuodas');
insert into city_dim (city_id, city) values (16, 'Soito');
insert into city_dim (city_id, city) values (17, 'Calimita');
insert into city_dim (city_id, city) values (18, 'Longfeng');
insert into city_dim (city_id, city) values (19, 'Fengyang');
insert into city_dim (city_id, city) values (20, 'Angeghakot’');

insert into customer_dim (customer_id) values (1);
insert into customer_dim (customer_id) values (2);
insert into customer_dim (customer_id) values (3);
insert into customer_dim (customer_id) values (4);
insert into customer_dim (customer_id) values (5);
insert into customer_dim (customer_id) values (6);
insert into customer_dim (customer_id) values (7);
insert into customer_dim (customer_id) values (8);
insert into customer_dim (customer_id) values (9);
insert into customer_dim (customer_id) values (10);
insert into customer_dim (customer_id) values (11);
insert into customer_dim (customer_id) values (12);
insert into customer_dim (customer_id) values (13);

insert into sales_fact (sales_id, product_id, country_id, date_id, city_id, customer_id, quantity, sales) values (1, 9, 2, 8, 6, 13, 13, 289);
insert into sales_fact (sales_id, product_id, country_id, date_id, city_id, customer_id, quantity, sales) values (2, 2, 2, 12, 14, 9, 19, 1331);
insert into sales_fact (sales_id, product_id, country_id, date_id, city_id, customer_id, quantity, sales) values (3, 16, 7, 13, 8, 12, 17, 962);
insert into sales_fact (sales_id, product_id, country_id, date_id, city_id, customer_id, quantity, sales) values (4, 22, 6, 11, 14, 2, 14, 1958);
insert into sales_fact (sales_id, product_id, country_id, date_id, city_id, customer_id, quantity, sales) values (5, 6, 7, 7, 20, 1, 14, 1349);
insert into sales_fact (sales_id, product_id, country_id, date_id, city_id, customer_id, quantity, sales) values (6, 25, 3, 3, 1, 5, 30, 1383);
insert into sales_fact (sales_id, product_id, country_id, date_id, city_id, customer_id, quantity, sales) values (7, 21, 1, 5, 16, 12, 17, 1376);
insert into sales_fact (sales_id, product_id, country_id, date_id, city_id, customer_id, quantity, sales) values (8, 7, 10, 10, 20, 12, 12, 1527);
insert into sales_fact (sales_id, product_id, country_id, date_id, city_id, customer_id, quantity, sales) values (9, 2, 1, 8, 9, 3, 11, 834);
insert into sales_fact (sales_id, product_id, country_id, date_id, city_id, customer_id, quantity, sales) values (10, 13, 3, 13, 5, 4, 11, 677);
insert into sales_fact (sales_id, product_id, country_id, date_id, city_id, customer_id, quantity, sales) values (11, 3, 5, 1, 6, 4, 14, 1364);
insert into sales_fact (sales_id, product_id, country_id, date_id, city_id, customer_id, quantity, sales) values (12, 12, 1, 5, 13, 2, 18, 1622);
insert into sales_fact (sales_id, product_id, country_id, date_id, city_id, customer_id, quantity, sales) values (13, 3, 6, 4, 17, 3, 30, 427);
insert into sales_fact (sales_id, product_id, country_id, date_id, city_id, customer_id, quantity, sales) values (14, 4, 4, 13, 13, 10, 21, 1793);
insert into sales_fact (sales_id, product_id, country_id, date_id, city_id, customer_id, quantity, sales) values (15, 21, 5, 14, 4, 11, 3, 1759);
insert into sales_fact (sales_id, product_id, country_id, date_id, city_id, customer_id, quantity, sales) values (16, 24, 7, 2, 14, 11, 4, 1496);
insert into sales_fact (sales_id, product_id, country_id, date_id, city_id, customer_id, quantity, sales) values (17, 15, 8, 1, 5, 10, 20, 1683);
insert into sales_fact (sales_id, product_id, country_id, date_id, city_id, customer_id, quantity, sales) values (18, 23, 2, 7, 20, 13, 2, 1993);
insert into sales_fact (sales_id, product_id, country_id, date_id, city_id, customer_id, quantity, sales) values (19, 8, 9, 11, 12, 10, 20, 1206);
insert into sales_fact (sales_id, product_id, country_id, date_id, city_id, customer_id, quantity, sales) values (20, 17, 8, 7, 2, 13, 30, 1686);
insert into sales_fact (sales_id, product_id, country_id, date_id, city_id, customer_id, quantity, sales) values (21, 12, 3, 11, 1, 13, 25, 325);
insert into sales_fact (sales_id, product_id, country_id, date_id, city_id, customer_id, quantity, sales) values (22, 18, 2, 11, 12, 11, 23, 1922);
insert into sales_fact (sales_id, product_id, country_id, date_id, city_id, customer_id, quantity, sales) values (23, 25, 3, 12, 20, 9, 29, 526);
insert into sales_fact (sales_id, product_id, country_id, date_id, city_id, customer_id, quantity, sales) values (24, 15, 5, 6, 11, 8, 17, 1053);
insert into sales_fact (sales_id, product_id, country_id, date_id, city_id, customer_id, quantity, sales) values (25, 6, 2, 12, 13, 3, 28, 1504);
insert into sales_fact (sales_id, product_id, country_id, date_id, city_id, customer_id, quantity, sales) values (26, 5, 4, 9, 15, 10, 32, 783);
insert into sales_fact (sales_id, product_id, country_id, date_id, city_id, customer_id, quantity, sales) values (27, 20, 7, 6, 8, 8, 24, 1151);
insert into sales_fact (sales_id, product_id, country_id, date_id, city_id, customer_id, quantity, sales) values (28, 5, 4, 5, 5, 10, 20, 962);
insert into sales_fact (sales_id, product_id, country_id, date_id, city_id, customer_id, quantity, sales) values (29, 2, 5, 2, 2, 3, 24, 482);
insert into sales_fact (sales_id, product_id, country_id, date_id, city_id, customer_id, quantity, sales) values (30, 5, 5, 8, 3, 8, 18, 933);
insert into sales_fact (sales_id, product_id, country_id, date_id, city_id, customer_id, quantity, sales) values (31, 21, 6, 14, 2, 9, 31, 1085);
insert into sales_fact (sales_id, product_id, country_id, date_id, city_id, customer_id, quantity, sales) values (32, 17, 8, 12, 18, 1, 23, 1139);
insert into sales_fact (sales_id, product_id, country_id, date_id, city_id, customer_id, quantity, sales) values (33, 12, 8, 12, 6, 3, 19, 604);
insert into sales_fact (sales_id, product_id, country_id, date_id, city_id, customer_id, quantity, sales) values (34, 17, 8, 10, 4, 4, 15, 1271);
insert into sales_fact (sales_id, product_id, country_id, date_id, city_id, customer_id, quantity, sales) values (35, 6, 7, 1, 1, 2, 17, 348);
insert into sales_fact (sales_id, product_id, country_id, date_id, city_id, customer_id, quantity, sales) values (36, 7, 10, 2, 10, 4, 7, 1074);
insert into sales_fact (sales_id, product_id, country_id, date_id, city_id, customer_id, quantity, sales) values (37, 13, 8, 14, 20, 12, 22, 1654);
insert into sales_fact (sales_id, product_id, country_id, date_id, city_id, customer_id, quantity, sales) values (38, 17, 9, 12, 13, 13, 30, 1793);
insert into sales_fact (sales_id, product_id, country_id, date_id, city_id, customer_id, quantity, sales) values (39, 12, 7, 3, 10, 5, 23, 1563);
insert into sales_fact (sales_id, product_id, country_id, date_id, city_id, customer_id, quantity, sales) values (40, 17, 1, 6, 1, 1, 32, 282);
insert into sales_fact (sales_id, product_id, country_id, date_id, city_id, customer_id, quantity, sales) values (41, 14, 6, 13, 20, 12, 31, 372);
insert into sales_fact (sales_id, product_id, country_id, date_id, city_id, customer_id, quantity, sales) values (42, 9, 10, 7, 11, 4, 31, 884);
insert into sales_fact (sales_id, product_id, country_id, date_id, city_id, customer_id, quantity, sales) values (43, 11, 10, 7, 9, 2, 12, 269);
insert into sales_fact (sales_id, product_id, country_id, date_id, city_id, customer_id, quantity, sales) values (44, 22, 3, 15, 14, 13, 9, 1617);
insert into sales_fact (sales_id, product_id, country_id, date_id, city_id, customer_id, quantity, sales) values (45, 23, 8, 7, 16, 5, 17, 683);
insert into sales_fact (sales_id, product_id, country_id, date_id, city_id, customer_id, quantity, sales) values (46, 6, 10, 7, 7, 12, 31, 1032);
insert into sales_fact (sales_id, product_id, country_id, date_id, city_id, customer_id, quantity, sales) values (47, 8, 7, 8, 9, 3, 26, 1362);
insert into sales_fact (sales_id, product_id, country_id, date_id, city_id, customer_id, quantity, sales) values (48, 2, 5, 4, 18, 6, 33, 374);
insert into sales_fact (sales_id, product_id, country_id, date_id, city_id, customer_id, quantity, sales) values (49, 11, 4, 1, 2, 7, 13, 1022);
insert into sales_fact (sales_id, product_id, country_id, date_id, city_id, customer_id, quantity, sales) values (50, 12, 9, 4, 9, 6, 11, 1300);
insert into sales_fact (sales_id, product_id, country_id, date_id, city_id, customer_id, quantity, sales) values (51, 22, 5, 1, 14, 4, 5, 1569);
insert into sales_fact (sales_id, product_id, country_id, date_id, city_id, customer_id, quantity, sales) values (52, 15, 3, 8, 20, 13, 10, 1541);
insert into sales_fact (sales_id, product_id, country_id, date_id, city_id, customer_id, quantity, sales) values (53, 14, 6, 1, 16, 3, 13, 432);
insert into sales_fact (sales_id, product_id, country_id, date_id, city_id, customer_id, quantity, sales) values (54, 14, 2, 6, 9, 2, 28, 41);
insert into sales_fact (sales_id, product_id, country_id, date_id, city_id, customer_id, quantity, sales) values (55, 3, 3, 5, 9, 4, 24, 189);
insert into sales_fact (sales_id, product_id, country_id, date_id, city_id, customer_id, quantity, sales) values (56, 2, 2, 1, 3, 5, 20, 1860);
insert into sales_fact (sales_id, product_id, country_id, date_id, city_id, customer_id, quantity, sales) values (57, 4, 1, 4, 15, 3, 13, 1338);
insert into sales_fact (sales_id, product_id, country_id, date_id, city_id, customer_id, quantity, sales) values (58, 14, 4, 15, 20, 11, 18, 481);
insert into sales_fact (sales_id, product_id, country_id, date_id, city_id, customer_id, quantity, sales) values (59, 15, 6, 10, 6, 5, 15, 1547);
insert into sales_fact (sales_id, product_id, country_id, date_id, city_id, customer_id, quantity, sales) values (60, 2, 1, 15, 14, 13, 26, 479);
insert into sales_fact (sales_id, product_id, country_id, date_id, city_id, customer_id, quantity, sales) values (61, 13, 3, 1, 19, 9, 24, 91);
insert into sales_fact (sales_id, product_id, country_id, date_id, city_id, customer_id, quantity, sales) values (62, 7, 2, 12, 6, 13, 19, 1840);
insert into sales_fact (sales_id, product_id, country_id, date_id, city_id, customer_id, quantity, sales) values (63, 21, 3, 8, 15, 5, 20, 1648);
insert into sales_fact (sales_id, product_id, country_id, date_id, city_id, customer_id, quantity, sales) values (64, 13, 5, 14, 3, 12, 9, 1340);
insert into sales_fact (sales_id, product_id, country_id, date_id, city_id, customer_id, quantity, sales) values (65, 5, 7, 13, 16, 2, 14, 459);
insert into sales_fact (sales_id, product_id, country_id, date_id, city_id, customer_id, quantity, sales) values (66, 3, 3, 4, 4, 13, 28, 923);
insert into sales_fact (sales_id, product_id, country_id, date_id, city_id, customer_id, quantity, sales) values (67, 6, 5, 11, 12, 8, 32, 185);
insert into sales_fact (sales_id, product_id, country_id, date_id, city_id, customer_id, quantity, sales) values (68, 1, 8, 15, 18, 1, 31, 350);
insert into sales_fact (sales_id, product_id, country_id, date_id, city_id, customer_id, quantity, sales) values (69, 21, 5, 7, 16, 8, 23, 115);
insert into sales_fact (sales_id, product_id, country_id, date_id, city_id, customer_id, quantity, sales) values (70, 2, 4, 11, 15, 8, 7, 1704);
insert into sales_fact (sales_id, product_id, country_id, date_id, city_id, customer_id, quantity, sales) values (71, 17, 10, 3, 6, 4, 29, 1902);
insert into sales_fact (sales_id, product_id, country_id, date_id, city_id, customer_id, quantity, sales) values (72, 19, 1, 8, 10, 9, 32, 510);
insert into sales_fact (sales_id, product_id, country_id, date_id, city_id, customer_id, quantity, sales) values (73, 6, 7, 13, 1, 12, 25, 1268);
insert into sales_fact (sales_id, product_id, country_id, date_id, city_id, customer_id, quantity, sales) values (74, 9, 7, 12, 3, 4, 14, 1086);
insert into sales_fact (sales_id, product_id, country_id, date_id, city_id, customer_id, quantity, sales) values (75, 6, 1, 8, 16, 1, 23, 1328);
insert into sales_fact (sales_id, product_id, country_id, date_id, city_id, customer_id, quantity, sales) values (76, 5, 5, 3, 6, 12, 27, 1346);
insert into sales_fact (sales_id, product_id, country_id, date_id, city_id, customer_id, quantity, sales) values (77, 20, 10, 6, 14, 10, 4, 1388);
insert into sales_fact (sales_id, product_id, country_id, date_id, city_id, customer_id, quantity, sales) values (78, 10, 3, 11, 16, 11, 19, 1882);
insert into sales_fact (sales_id, product_id, country_id, date_id, city_id, customer_id, quantity, sales) values (79, 23, 8, 2, 2, 11, 29, 825);
insert into sales_fact (sales_id, product_id, country_id, date_id, city_id, customer_id, quantity, sales) values (80, 24, 2, 10, 10, 9, 2, 278);
insert into sales_fact (sales_id, product_id, country_id, date_id, city_id, customer_id, quantity, sales) values (81, 5, 10, 7, 11, 6, 33, 498);
insert into sales_fact (sales_id, product_id, country_id, date_id, city_id, customer_id, quantity, sales) values (82, 20, 3, 11, 4, 7, 12, 1333);
insert into sales_fact (sales_id, product_id, country_id, date_id, city_id, customer_id, quantity, sales) values (83, 6, 8, 12, 18, 7, 19, 442);
insert into sales_fact (sales_id, product_id, country_id, date_id, city_id, customer_id, quantity, sales) values (84, 7, 2, 12, 9, 2, 7, 145);
insert into sales_fact (sales_id, product_id, country_id, date_id, city_id, customer_id, quantity, sales) values (85, 20, 8, 1, 2, 7, 24, 1840);
insert into sales_fact (sales_id, product_id, country_id, date_id, city_id, customer_id, quantity, sales) values (86, 20, 5, 11, 8, 1, 10, 1850);
insert into sales_fact (sales_id, product_id, country_id, date_id, city_id, customer_id, quantity, sales) values (87, 1, 9, 10, 4, 10, 22, 255);
insert into sales_fact (sales_id, product_id, country_id, date_id, city_id, customer_id, quantity, sales) values (88, 10, 7, 12, 20, 10, 11, 1201);
insert into sales_fact (sales_id, product_id, country_id, date_id, city_id, customer_id, quantity, sales) values (89, 22, 8, 9, 8, 12, 19, 1533);
insert into sales_fact (sales_id, product_id, country_id, date_id, city_id, customer_id, quantity, sales) values (90, 25, 5, 7, 12, 9, 27, 1771);
insert into sales_fact (sales_id, product_id, country_id, date_id, city_id, customer_id, quantity, sales) values (91, 20, 9, 14, 7, 10, 31, 1913);
insert into sales_fact (sales_id, product_id, country_id, date_id, city_id, customer_id, quantity, sales) values (92, 8, 8, 14, 7, 9, 22, 1087);
insert into sales_fact (sales_id, product_id, country_id, date_id, city_id, customer_id, quantity, sales) values (93, 16, 1, 1, 19, 13, 13, 912);
insert into sales_fact (sales_id, product_id, country_id, date_id, city_id, customer_id, quantity, sales) values (94, 12, 5, 5, 18, 13, 30, 1772);
insert into sales_fact (sales_id, product_id, country_id, date_id, city_id, customer_id, quantity, sales) values (95, 22, 8, 2, 16, 6, 17, 670);
insert into sales_fact (sales_id, product_id, country_id, date_id, city_id, customer_id, quantity, sales) values (96, 3, 5, 2, 7, 13, 12, 567);
insert into sales_fact (sales_id, product_id, country_id, date_id, city_id, customer_id, quantity, sales) values (97, 14, 8, 13, 4, 8, 16, 1639);
insert into sales_fact (sales_id, product_id, country_id, date_id, city_id, customer_id, quantity, sales) values (98, 14, 10, 7, 17, 5, 8, 1195);
insert into sales_fact (sales_id, product_id, country_id, date_id, city_id, customer_id, quantity, sales) values (99, 3, 4, 3, 13, 13, 33, 1529);
insert into sales_fact (sales_id, product_id, country_id, date_id, city_id, customer_id, quantity, sales) values (100, 9, 1, 6, 5, 3, 3, 360);